[
  {
    "line": 5,
    "elements": [
      {
        "start_timestamp": "2022-02-09T17:20:11.320Z",
        "before": [
          {
            "result": {
              "duration": 7757026000,
              "status": "passed"
            },
            "match": {
              "location": "steps.CommonSteps.beforeScenario()"
            }
          }
        ],
        "line": 8,
        "name": "Find the correct button to click using class attribute",
        "description": "",
        "id": "ui-tests;find-the-correct-button-to-click-using-class-attribute",
        "after": [
          {
            "result": {
              "duration": 161797000,
              "status": "passed"
            },
            "match": {
              "location": "steps.CommonSteps.AfterScenario()"
            }
          }
        ],
        "type": "scenario",
        "keyword": "Scenario",
        "steps": [
          {
            "result": {
              "duration": 356904000,
              "status": "passed"
            },
            "line": 9,
            "name": "I\u0027m on Class Attribute page",
            "match": {
              "location": "steps.ClassAttributeSteps.iMOnClassAttributePage()"
            },
            "keyword": "Given "
          },
          {
            "result": {
              "duration": 313726000,
              "status": "passed"
            },
            "line": 10,
            "name": "I Click primary button",
            "match": {
              "location": "steps.ClassAttributeSteps.iClickPrimaryButton()"
            },
            "keyword": "When "
          },
          {
            "result": {
              "duration": 66947000,
              "status": "passed"
            },
            "line": 11,
            "name": "an alert popup is displayed",
            "match": {
              "location": "steps.ClassAttributeSteps.anAlertPopupIsDisplayed()"
            },
            "keyword": "Then "
          }
        ],
        "tags": [
          {
            "name": "@UITests"
          },
          {
            "name": "@ClassAttribute"
          }
        ]
      },
      {
        "start_timestamp": "2022-02-09T17:20:20.050Z",
        "before": [
          {
            "result": {
              "duration": 2262432000,
              "status": "passed"
            },
            "match": {
              "location": "steps.CommonSteps.beforeScenario()"
            }
          }
        ],
        "line": 14,
        "name": "Verify information on dynamic table",
        "description": "",
        "id": "ui-tests;verify-information-on-dynamic-table",
        "after": [
          {
            "result": {
              "duration": 106388000,
              "status": "passed"
            },
            "match": {
              "location": "steps.CommonSteps.AfterScenario()"
            }
          }
        ],
        "type": "scenario",
        "keyword": "Scenario",
        "steps": [
          {
            "result": {
              "duration": 482895000,
              "status": "passed"
            },
            "line": 15,
            "name": "I\u0027m on Dynamic Table page",
            "match": {
              "location": "steps.DynamicTableSteps.iMOnDynamicTablePage()"
            },
            "keyword": "Given "
          },
          {
            "result": {
              "duration": 273425000,
              "status": "passed"
            },
            "line": 16,
            "name": "Chrome CPU information on table should be equals to information on label",
            "match": {
              "location": "steps.DynamicTableSteps.chromeCPUInformationOnTableShouldBeEqualsToInformationOnLabel()"
            },
            "keyword": "Then "
          }
        ],
        "tags": [
          {
            "name": "@UITests"
          },
          {
            "name": "@DynamicTable"
          }
        ]
      },
      {
        "start_timestamp": "2022-02-09T17:20:23.179Z",
        "before": [
          {
            "result": {
              "duration": 2494603000,
              "status": "passed"
            },
            "match": {
              "location": "steps.CommonSteps.beforeScenario()"
            }
          }
        ],
        "line": 19,
        "name": "Wait for element to be calculated on client side",
        "description": "",
        "id": "ui-tests;wait-for-element-to-be-calculated-on-client-side",
        "after": [
          {
            "result": {
              "duration": 168326000,
              "status": "passed"
            },
            "match": {
              "location": "steps.CommonSteps.AfterScenario()"
            }
          }
        ],
        "type": "scenario",
        "keyword": "Scenario",
        "steps": [
          {
            "result": {
              "duration": 605988000,
              "status": "passed"
            },
            "line": 20,
            "name": "I\u0027m on Client Delay page",
            "match": {
              "location": "steps.ClientDelaySteps.iMOnClientDelayPage()"
            },
            "keyword": "Given "
          },
          {
            "result": {
              "duration": 59675000,
              "status": "passed"
            },
            "line": 21,
            "name": "I Click client trigger button",
            "match": {
              "location": "steps.ClientDelaySteps.clickTriggerClient()"
            },
            "keyword": "When "
          },
          {
            "result": {
              "duration": 15027943000,
              "status": "passed"
            },
            "line": 22,
            "name": "data should be presented",
            "match": {
              "location": "steps.ClientDelaySteps.dataShouldBePresented()"
            },
            "keyword": "Then "
          }
        ],
        "tags": [
          {
            "name": "@UITests"
          },
          {
            "name": "@ClientDelay"
          }
        ]
      }
    ],
    "name": "UI Tests",
    "description": "",
    "id": "ui-tests",
    "keyword": "Feature",
    "uri": "file:src/test/resources/features/UITests.feature",
    "tags": [
      {
        "name": "@UITests",
        "type": "Tag",
        "location": {
          "line": 4,
          "column": 1
        }
      }
    ]
  }
]